{
  "year": 2018,
  "groups": {
    "Under 30K": {
      "bin_ids": [
        1,
        2,
        3,
        4,
        5,
        6,
        7
      ],
      "lt_gain": 26712169000.0,
      "lt_loss": 78138155000.0,
      "lt_carry": 73481911000.0,
      "unadjusted_ratio": 0.850211,
      "gain_expansion_pct": 0.005,
      "adjusted_lt_gain": 26846401005.025127,
      "adjusted_ratio": 0.849572,
      "adjustment_magnitude": 0.000639
    },
    "30K-100K": {
      "bin_ids": [
        8,
        9,
        10,
        11
      ],
      "lt_gain": 43343170000.0,
      "lt_loss": 68073442000.0,
      "lt_carry": 61789712000.0,
      "unadjusted_ratio": 0.74976,
      "gain_expansion_pct": 0.005,
      "adjusted_lt_gain": 43560974874.37186,
      "adjusted_ratio": 0.748818,
      "adjustment_magnitude": 0.000942
    },
    "100K-500K": {
      "bin_ids": [
        12,
        13
      ],
      "lt_gain": 205670146000.0,
      "lt_loss": 107861445000.0,
      "lt_carry": 102787490000.0,
      "unadjusted_ratio": 0.50598,
      "gain_expansion_pct": 0.005,
      "adjusted_lt_gain": 206703664321.60803,
      "adjusted_ratio": 0.504727,
      "adjustment_magnitude": 0.001253
    },
    "500K-5M": {
      "bin_ids": [
        14,
        15,
        16,
        17
      ],
      "lt_gain": 283624616000.0,
      "lt_loss": 40679233000.0,
      "lt_carry": 39379619000.0,
      "unadjusted_ratio": 0.220133,
      "gain_expansion_pct": 0.005,
      "adjusted_lt_gain": 285049865326.6332,
      "adjusted_ratio": 0.219274,
      "adjustment_magnitude": 0.000859
    },
    "5M+": {
      "bin_ids": [
        18,
        19
      ],
      "lt_gain": 391899300000.0,
      "lt_loss": 11159467000.0,
      "lt_carry": 11626047000.0,
      "unadjusted_ratio": 0.054947,
      "gain_expansion_pct": 0.005,
      "adjusted_lt_gain": 393868643216.0804,
      "adjusted_ratio": 0.054687,
      "adjustment_magnitude": 0.00026
    }
  },
  "consistency_check": {
    "1": {
      "all_lt_gain": 18882508000.0,
      "taxable_lt_gain": 4094042000.0,
      "gain_diff_pct": 0.783183,
      "all_lt_loss": 42231693000.0,
      "taxable_lt_loss": 2280172000.0,
      "loss_diff_pct": 0.946008
    },
    "2": {
      "all_lt_gain": 626001000.0,
      "taxable_lt_gain": 48394000.0,
      "gain_diff_pct": 0.922693,
      "all_lt_loss": 6124577000.0,
      "taxable_lt_loss": 43055000.0,
      "loss_diff_pct": 0.99297
    },
    "3": {
      "all_lt_gain": 1018986000.0,
      "taxable_lt_gain": 136631000.0,
      "gain_diff_pct": 0.865915,
      "all_lt_loss": 6537811000.0,
      "taxable_lt_loss": 28969000.0,
      "loss_diff_pct": 0.995569
    },
    "4": {
      "all_lt_gain": 1111932000.0,
      "taxable_lt_gain": 196167000.0,
      "gain_diff_pct": 0.82358,
      "all_lt_loss": 6477148000.0,
      "taxable_lt_loss": 615839000.0,
      "loss_diff_pct": 0.904921
    },
    "5": {
      "all_lt_gain": 1565372000.0,
      "taxable_lt_gain": 257092000.0,
      "gain_diff_pct": 0.835763,
      "all_lt_loss": 5600289000.0,
      "taxable_lt_loss": 1578771000.0,
      "loss_diff_pct": 0.718091
    },
    "6": {
      "all_lt_gain": 1897318000.0,
      "taxable_lt_gain": 619864000.0,
      "gain_diff_pct": 0.673295,
      "all_lt_loss": 5487814000.0,
      "taxable_lt_loss": 1766343000.0,
      "loss_diff_pct": 0.678134
    },
    "7": {
      "all_lt_gain": 1610052000.0,
      "taxable_lt_gain": 525602000.0,
      "gain_diff_pct": 0.67355,
      "all_lt_loss": 5678823000.0,
      "taxable_lt_loss": 2867306000.0,
      "loss_diff_pct": 0.495088
    },
    "8": {
      "all_lt_gain": 4245557000.0,
      "taxable_lt_gain": 1729756000.0,
      "gain_diff_pct": 0.592573,
      "all_lt_loss": 9478223000.0,
      "taxable_lt_loss": 6411808000.0,
      "loss_diff_pct": 0.323522
    },
    "9": {
      "all_lt_gain": 4787873000.0,
      "taxable_lt_gain": 2406255000.0,
      "gain_diff_pct": 0.497427,
      "all_lt_loss": 9633936000.0,
      "taxable_lt_loss": 7262781000.0,
      "loss_diff_pct": 0.246125
    },
    "10": {
      "all_lt_gain": 14786756000.0,
      "taxable_lt_gain": 10973821000.0,
      "gain_diff_pct": 0.257861,
      "all_lt_loss": 25696983000.0,
      "taxable_lt_loss": 21664989000.0,
      "loss_diff_pct": 0.156905
    },
    "11": {
      "all_lt_gain": 19522984000.0,
      "taxable_lt_gain": 16326099000.0,
      "gain_diff_pct": 0.16375,
      "all_lt_loss": 23264300000.0,
      "taxable_lt_loss": 21287803000.0,
      "loss_diff_pct": 0.084958
    },
    "12": {
      "all_lt_gain": 75202242000.0,
      "taxable_lt_gain": 71783812000.0,
      "gain_diff_pct": 0.045456,
      "all_lt_loss": 55527288000.0,
      "taxable_lt_loss": 52845220000.0,
      "loss_diff_pct": 0.048302
    },
    "13": {
      "all_lt_gain": 130467904000.0,
      "taxable_lt_gain": 129891635000.0,
      "gain_diff_pct": 0.004417,
      "all_lt_loss": 52334157000.0,
      "taxable_lt_loss": 51790674000.0,
      "loss_diff_pct": 0.010385
    },
    "14": {
      "all_lt_gain": 93923259000.0,
      "taxable_lt_gain": 93848643000.0,
      "gain_diff_pct": 0.000794,
      "all_lt_loss": 19540886000.0,
      "taxable_lt_loss": 19465826000.0,
      "loss_diff_pct": 0.003841
    }
  }
}